Sender,channel,text,url_html,is merged,date message,date pull request,date closed pull request,date merged,difference date massage and pull request closed,difference date open pull request and pull request closed
misterikkit,kubernetes-users,"Heads up that I am trying to move scheduler out of the plugin directory. I chatted about this privately with a couple of you, but I figured it needs a wider discussion.

<https://github.com/kubernetes/kubernetes/pull/57852>",https://github.com/kubernetes/kubernetes/pull/57852,True,2018-01-05 00:29:07,2018-01-05 00:21:39,2018-01-08 16:11:47,2018-01-06 06:20:13,"3 days, 15:42:40","3 days, 15:50:08"
fiunchinho,kubernetes-users,is that affected by this revert? <https://github.com/kubernetes/kubernetes/pull/51634>,https://github.com/kubernetes/kubernetes/pull/51634,True,2017-09-11 12:48:27,2017-08-30 16:09:38,2017-09-07 07:33:25,2017-09-06 01:40:34,"-5 days, 18:44:58","7 days, 15:23:47"
dims,kubernetes-users,<@U0CD5E3QF> looks like there’s a ping for you on <https://github.com/kubernetes/kubernetes/pull/55665>,https://github.com/kubernetes/kubernetes/pull/55665,True,2017-11-15 21:01:11,2017-11-14 05:32:48,2017-11-20 05:54:10,2017-11-18 01:11:16,"4 days, 8:52:59","6 days, 0:21:22"
mikedanese,kubernetes-users,also i would like to get this one into 1.9 <https://github.com/kubernetes/kubernetes/pull/56444>,https://github.com/kubernetes/kubernetes/pull/56444,True,2017-12-04 18:19:10,2017-11-27 20:49:10,2017-12-04 21:56:20,2017-12-04 21:40:14,3:37:10,"7 days, 1:07:10"
cmluciano,kubernetes-users,<@U0YJS6LHL> Is it permissible to add things like <https://github.com/kubernetes/kubernetes/pull/51959> to the milestone,https://github.com/kubernetes/kubernetes/pull/51959,True,2017-09-07 16:41:18,2017-09-05 18:17:00,2017-09-23 01:25:28,2017-09-23 01:25:28,"15 days, 8:44:10","17 days, 7:08:28"
pires,kubernetes-users,<@U0BK9L2AV> <https://github.com/kubernetes/kubernetes/pull/55119>,https://github.com/kubernetes/kubernetes/pull/55119,True,2017-11-05 16:09:30,2017-11-05 16:03:56,2017-11-06 13:50:39,2017-11-06 13:46:10,21:41:09,21:46:43
liggitt,kubernetes-users,<@U3Z60K88M> <@U09R2G9DL> <@U0G1H7NPN> - feedback on <https://github.com/kubernetes/kubernetes/pull/43016>? wasn't sure if you wanted it for 1.8,https://github.com/kubernetes/kubernetes/pull/43016,True,2017-09-12 13:46:12,2017-03-13 21:19:46,2019-02-19 15:21:59,2017-09-23 06:35:52,"525 days, 1:35:47","707 days, 18:02:13"
tanshanshan,kubernetes-users,"Could anyone review this pr about hugepages , please? <https://github.com/kubernetes/kubernetes/pull/54379>",https://github.com/kubernetes/kubernetes/pull/54379,True,2017-11-06 06:34:00,2017-10-23 04:17:30,2017-12-18 22:45:37,2017-12-18 22:45:37,"42 days, 16:11:37","56 days, 18:28:07"
marun,kubernetes-users,"<@U0ACVNEFM>: once <https://github.com/kubernetes/kubernetes/pull/53816> merges, will need to have the staging repos updated from k/k so I can vendor the right versions in the PR that will seed kubernetes/federation",https://github.com/kubernetes/kubernetes/pull/53816,True,2017-10-26 20:03:27,2017-10-12 17:10:36,2017-10-29 17:31:20,2017-10-27 00:07:29,"2 days, 21:27:53","17 days, 0:20:44"
mmichael,kubernetes-users,This is the PR that broke kueproxy that we are trying to merge today <https://github.com/kubernetes/kubernetes/pull/56529>,https://github.com/kubernetes/kubernetes/pull/56529,True,2017-12-12 17:39:50,2017-11-29 02:10:00,2017-12-13 05:40:34,2017-12-12 22:04:11,12:00:44,"14 days, 3:30:34"
jberkus,kubernetes-users,"also, this issue needs to be approved immediately if it's going to be in 1.9.0: <https://github.com/kubernetes/kubernetes/pull/56858>  <@U5ECG5LP9> <@U2AK1DASU> <@U4723UJL8>",https://github.com/kubernetes/kubernetes/pull/56858,True,2017-12-11 21:39:42,2017-12-05 18:29:39,2017-12-17 00:34:39,2017-12-17 00:34:39,"5 days, 2:54:57","11 days, 6:05:00"
nrock,kubernetes-users,"Has anyone tested how many services are supported with the IPVS base in-cluster service load balancing added for 1.8 (<https://github.com/kubernetes/kubernetes/pull/46580>)? I believe the goal is 50,000 services.",https://github.com/kubernetes/kubernetes/pull/46580,True,2017-09-26 17:18:29,2017-05-28 11:35:46,2017-11-16 05:47:58,2017-08-30 05:57:03,"50 days, 12:29:29","171 days, 18:12:12"
jorge,kubernetes-users,<@U4H2QU3DW> when aaron comes into the office show him this pls: <https://github.com/kubernetes/kubernetes/pull/57251>,https://github.com/kubernetes/kubernetes/pull/57251,False,2017-12-15 15:56:41,2017-12-15 15:55:43,2017-12-15 17:09:05,,1:12:24,1:13:22
ingo,kubernetes-users,Mein Blog Post hat sich wohl grad von selbst erledigt: <https://github.com/kubernetes/kubernetes/pull/24429>,https://github.com/kubernetes/kubernetes/pull/24429,True,2016-05-02 12:36:41,2016-04-18 21:50:56,2016-04-27 00:23:23,2016-04-20 04:55:58,"-6 days, 11:46:42","8 days, 2:32:27"
spiffxp,kubernetes-users,that was me deleting this auto-generated revert branch <https://github.com/kubernetes/kubernetes/pull/57407>,https://github.com/kubernetes/kubernetes/pull/57407,True,2017-12-19 21:02:04,2017-12-19 14:25:40,2017-12-19 21:00:25,2017-12-19 18:36:32,"-1 day, 23:58:21",6:34:45
marun,kubernetes-users,<@U09R342HM>: and thoughts on <https://github.com/kubernetes/kubernetes/pull/47788> ?,https://github.com/kubernetes/kubernetes/pull/47788,True,2017-06-20 22:11:00,2017-06-20 14:32:02,2017-06-26 18:12:11,2017-06-26 11:20:12,"5 days, 20:01:11","6 days, 3:40:09"
derekwaynecarr,kubernetes-users,<@U2A66TRQQ> approved <https://github.com/kubernetes/kubernetes/pull/55338>,https://github.com/kubernetes/kubernetes/pull/55338,True,2017-11-20 22:41:38,2017-11-08 21:03:27,2017-11-21 17:47:36,2017-11-21 05:43:24,19:05:58,"12 days, 20:44:09"
dbhanushali,kubernetes-users,<@U0ADD3KAN> this PR <https://github.com/kubernetes/kubernetes/pull/54727>,https://github.com/kubernetes/kubernetes/pull/54727,True,2017-11-08 23:03:05,2017-10-27 23:07:43,2017-11-11 15:50:33,2017-11-11 15:50:32,"2 days, 16:47:28","14 days, 16:42:50"
marun,kubernetes-users,<@U09R2LQ56>: can you ptal at <https://github.com/kubernetes/kubernetes/pull/51026> ?,https://github.com/kubernetes/kubernetes/pull/51026,False,2017-10-25 18:34:38,2017-08-21 13:17:42,2018-02-02 14:44:21,,"99 days, 20:09:43","165 days, 1:26:39"
sean527,kubernetes-users,"If anyone has time this pull request has been sitting here for a little while, I'd love some feedback, <https://github.com/kubernetes/kubernetes/pull/54900>",https://github.com/kubernetes/kubernetes/pull/54900,False,2017-11-11 00:56:44,2017-11-01 01:53:05,2017-12-04 23:01:52,,"23 days, 22:05:08","33 days, 21:08:47"
connor,kubernetes-users,FYI: would love to get this PR in for v1.9 if possible. It’s removing a feature we deprecated in v1.8 (opaque integer resources). <https://github.com/kubernetes/kubernetes/pull/55103>,https://github.com/kubernetes/kubernetes/pull/55103,True,2017-11-16 22:05:58,2017-11-04 07:58:21,2017-12-11 21:58:12,2017-11-22 08:27:27,"24 days, 23:52:14","37 days, 13:59:51"
caesarxuchao,kubernetes-users,<https://github.com/kubernetes/kubernetes/pull/55127>,https://github.com/kubernetes/kubernetes/pull/55127,True,2017-11-08 23:04:25,2017-11-06 01:14:20,2017-11-14 00:45:23,2017-11-14 00:45:23,"5 days, 1:40:58","7 days, 23:31:03"
marun,kubernetes-users,<@U5UNS0DUY>: <https://github.com/kubernetes/kubernetes/pull/53816> is ready for approval.  Thanks again for being responsive in approving the other removal-supporting PRs!,https://github.com/kubernetes/kubernetes/pull/53816,True,2017-10-26 20:41:34,2017-10-12 17:10:36,2017-10-29 17:31:20,2017-10-27 00:07:29,"2 days, 20:49:46","17 days, 0:20:44"
roffe,kubernetes-users,<https://github.com/kubernetes/kubernetes/pull/56115>,https://github.com/kubernetes/kubernetes/pull/56115,True,2017-12-18 11:08:50,2017-11-21 01:37:12,2017-11-22 10:35:19,2017-11-22 10:35:19,"-27 days, 23:26:29","1 day, 8:58:07"
vikasc,kubernetes-users,"<@U0EPQ1S65> hi, updated the changes to address your comment. Can you please take a look now,  <https://github.com/kubernetes/kubernetes/pull/48775>",https://github.com/kubernetes/kubernetes/pull/48775,True,2017-07-17 09:46:59,2017-07-11 18:25:32,2017-08-30 13:41:39,2017-07-25 18:06:54,"44 days, 3:54:40","49 days, 19:16:07"
liggitt,kubernetes-users,<https://github.com/kubernetes/kubernetes/pull/50719>,https://github.com/kubernetes/kubernetes/pull/50719,True,2017-09-18 15:18:03,2017-08-15 23:41:49,2017-09-01 04:09:08,2017-09-01 04:09:08,"-18 days, 12:51:05","16 days, 4:27:19"
marun,kubernetes-users,re: <https://github.com/kubernetes/kubernetes/pull/51026>,https://github.com/kubernetes/kubernetes/pull/51026,False,2017-10-25 16:59:59,2017-08-21 13:17:42,2018-02-02 14:44:21,,"99 days, 21:44:22","165 days, 1:26:39"
tomciaaa,kubernetes-users,"hey guys, on the same PR it mentions that '<https://github.com/kubernetes/kubernetes/pull/51063> needs to be merged before Windows CNI will work.' I assume the patched kubelet only needs to run on the Windows nodes and Linux can run standard 1.8.x kubelet versions?",https://github.com/kubernetes/kubernetes/pull/51063,True,2017-11-06 12:15:58,2017-08-22 00:28:05,2017-11-03 22:45:12,2017-11-03 22:45:11,"-3 days, 10:29:14","73 days, 22:17:07"
mikedanese,kubernetes-users,<https://github.com/kubernetes/kubernetes/pull/48826>,https://github.com/kubernetes/kubernetes/pull/48826,True,2017-07-13 16:51:16,2017-07-12 18:31:25,2017-07-17 17:55:19,2017-07-14 09:03:43,"4 days, 1:04:03","4 days, 23:23:54"
porridge,kubernetes-users,"I have a 40-line PR waiting for a review for almost A MONTH now, weekly pinging has no effect.  :cry:  Can someone PLEASE review it? <https://github.com/kubernetes/kubernetes/pull/54294> :pray:",https://github.com/kubernetes/kubernetes/pull/54294,False,2017-11-14 07:11:05,2017-10-20 12:27:19,2018-07-23 11:02:52,,"251 days, 3:51:47","275 days, 22:35:33"
mkumatag,kubernetes-users,Submitted one more PR for multi arch image catalog - <https://github.com/kubernetes/kubernetes/pull/45074>,https://github.com/kubernetes/kubernetes/pull/45074,False,2017-04-28 04:51:02,2017-04-28 04:49:51,2017-07-27 05:55:15,,"90 days, 1:04:13","90 days, 1:05:24"
cblecker,kubernetes-users,yeah :( <https://github.com/kubernetes/kubernetes/pull/57735>,https://github.com/kubernetes/kubernetes/pull/57735,True,2018-01-02 21:52:49,2018-01-02 07:35:57,2018-01-04 07:54:43,2018-01-02 15:51:27,"1 day, 10:01:54","2 days, 0:18:46"
kshafiee,kubernetes-users,<@U26771G31> do you mean this PR: <https://github.com/kubernetes/kubernetes/pull/54969>,https://github.com/kubernetes/kubernetes/pull/54969,True,2017-11-10 23:50:09,2017-11-02 01:42:00,2017-11-07 02:33:36,2017-11-07 02:33:26,"-4 days, 2:43:27","5 days, 0:51:36"
lukaszo,kubernetes-users,"hey, who should I ping about e2e tests? I mean this PR <https://github.com/kubernetes/kubernetes/pull/55315> Author of the code I'm changing seems not to be working on kubernetes anymore :confused:",https://github.com/kubernetes/kubernetes/pull/55315,False,2017-11-15 09:34:21,2017-11-08 12:48:39,2018-04-14 15:53:54,,"150 days, 6:19:33","157 days, 3:05:15"
resouer,kubernetes-users,<https://github.com/kubernetes/kubernetes/pull/54405>,https://github.com/kubernetes/kubernetes/pull/54405,True,2017-11-13 03:59:55,2017-10-23 12:03:32,2017-11-13 15:25:23,2017-11-13 11:59:53,11:25:28,"21 days, 3:21:51"
nikhita,kubernetes-users,"Can someone take a look at <https://github.com/kubernetes/kubernetes/pull/53287>? PR was created on Sep 30, but noone has reviewed it yet. :(",https://github.com/kubernetes/kubernetes/pull/53287,False,2017-12-19 10:19:59,2017-09-30 09:04:39,2018-05-07 13:08:43,,"139 days, 2:48:44","219 days, 4:04:04"
mauilion,kubernetes-users,<https://github.com/kubernetes/kubernetes/pull/46669>,https://github.com/kubernetes/kubernetes/pull/46669,True,2017-11-30 20:23:32,2017-05-31 02:47:03,2017-06-07 07:27:53,2017-06-07 07:27:53,"-177 days, 11:04:21","7 days, 4:40:50"
yifan-gu,kubernetes-users,what's the status of <https://github.com/kubernetes/kubernetes/pull/33965> ?,https://github.com/kubernetes/kubernetes/pull/33965,True,2016-10-11 17:28:48,2016-10-03 19:58:06,2016-12-20 17:48:27,2016-12-20 09:13:46,"70 days, 0:19:39","77 days, 21:50:21"
liggitt,kubernetes-users,"FYI, <https://github.com/kubernetes/kubernetes/pull/56358> Will do something similar for role creation, checking for super user permissions with the active authorizer",https://github.com/kubernetes/kubernetes/pull/56358,True,2017-11-27 23:07:15,2017-11-24 22:57:02,2018-07-26 17:34:33,2018-06-20 12:48:24,"240 days, 18:27:18","243 days, 18:37:31"
resouer,kubernetes-users,Anyone approve this PR please? <https://github.com/kubernetes/kubernetes/pull/47275>,https://github.com/kubernetes/kubernetes/pull/47275,False,2017-10-25 08:24:10,2017-06-09 22:28:18,2018-04-22 02:49:50,,"178 days, 18:25:40","316 days, 4:21:32"
shyamjvs,kubernetes-users,"&gt; How would it scale if a cluster have large number of nodes (e.g. 2000 nodes) and large number of short live services go up and down ?

<@U5PNFMZGD> Yes that is a known problem and are facing it (for ref <https://github.com/kubernetes/kubernetes/pull/48085>) and don't have a very good answer to it. In really large clusters (few thousands of ndoes) service endpoint propagation can take upto a few hours.",https://github.com/kubernetes/kubernetes/pull/48085,True,2017-06-26 20:28:48,2017-06-26 18:21:57,2017-06-27 21:59:48,2017-06-26 22:29:27,"1 day, 1:31:00","1 day, 3:37:51"
aveshagarwal,kubernetes-users,<@U0ALRFJH0> so you want to fix 1.7.x? or in other words backporting this pr <https://github.com/kubernetes/kubernetes/pull/47628>?,https://github.com/kubernetes/kubernetes/pull/47628,True,2017-10-25 18:48:37,2017-06-16 03:19:31,2017-10-26 09:03:29,2017-06-28 00:46:11,14:14:52,"132 days, 5:43:58"
sean527,kubernetes-users,"If i'm being annoying please let me know but i've made all changes requested here including the latest by <@U1AA5NS9Z> so if I could get eyes on it, that would be greatly appreciated, and if this is not the way to go about doing this, let me know, I do want to join the kubernetes community and continue contributing :slightly_smiling_face: <https://github.com/kubernetes/kubernetes/pull/54900>",https://github.com/kubernetes/kubernetes/pull/54900,False,2017-11-17 00:47:08,2017-11-01 01:53:05,2017-12-04 23:01:52,,"17 days, 22:14:44","33 days, 21:08:47"
soltysh,kubernetes-users,<@U0ADAC12N> <@U0AJE8XM0> will you be able to review <https://github.com/kubernetes/kubernetes/pull/41901> to unblock further work on promoting cronjobs to beta?,https://github.com/kubernetes/kubernetes/pull/41901,True,2017-08-16 19:55:39,2017-02-22 16:35:30,2017-08-17 07:57:31,2017-08-16 22:59:47,12:01:52,"175 days, 15:22:01"
soltysh,kubernetes-users,<@U5R6A6ZRA> I've just lgtm-ed your pr <https://github.com/kubernetes/kubernetes/pull/48454> mind suqashing all the changes into single commit and I'll apply the necessary labels?,https://github.com/kubernetes/kubernetes/pull/48454,True,2017-08-29 11:33:50,2017-07-04 06:10:54,2017-08-30 02:02:52,2017-08-29 15:25:06,14:29:02,"56 days, 19:51:58"
dims,kubernetes-users,<@U1P7T516X> <@U0E2KHQ13> <@U09R0N2BF> - seems the merge-bot is over eager and merges closed PR(s) - see <https://github.com/kubernetes/kubernetes/pull/57401>,https://github.com/kubernetes/kubernetes/pull/57401,True,2017-12-20 13:55:43,2017-12-19 13:02:11,2017-12-20 13:06:18,2017-12-20 12:22:51,"-1 day, 23:10:35","1 day, 0:04:07"
mauilion,kubernetes-users,<https://github.com/kubernetes/kubernetes/pull/53324>,https://github.com/kubernetes/kubernetes/pull/53324,False,2017-12-22 19:33:03,2017-10-02 12:54:51,2018-07-03 18:01:46,,"192 days, 22:28:43","274 days, 5:06:55"
liggitt,kubernetes-users,<https://github.com/kubernetes/kubernetes/pull/56358> will address it by asking the current authorizer if you are a superuser and allowing role/clusterrole creation in that case,https://github.com/kubernetes/kubernetes/pull/56358,True,2017-11-29 14:21:17,2017-11-24 22:57:02,2018-07-26 17:34:33,2018-06-20 12:48:24,"239 days, 3:13:16","243 days, 18:37:31"
strebeld,kubernetes-users,A better implementation is being worked on here <https://github.com/kubernetes/kubernetes/pull/51026>,https://github.com/kubernetes/kubernetes/pull/51026,False,2017-12-13 22:48:26,2017-08-21 13:17:42,2018-02-02 14:44:21,,"50 days, 15:55:55","165 days, 1:26:39"
marun,kubernetes-users,<@U0AH4GABW>: I hear you'd federation to be moved out of k/k.  I have a supporting PR that could use your approval: <https://github.com/kubernetes/kubernetes/pull/54336> ,https://github.com/kubernetes/kubernetes/pull/54336,True,2017-10-25 16:29:47,2017-10-21 04:02:51,2017-10-25 22:41:01,2017-10-25 22:16:05,6:11:14,"4 days, 18:38:10"
cape,kubernetes-users,"<@U0BMY7D2Q> I'm having issues creating a `LoadBalancer` service with UDP. I see that you submitted <https://github.com/kubernetes/kubernetes/pull/45523>, which seems to be merged and also there are corresponding ACS-engine merges (unsure exactly what that means, but I take it that it is good...)
If I create a service with UDP and LoadBalancer, I just get a `&lt;pending&gt;` external ip. We're running a 1.7.7 cluster, so it looks like the change should be in there?",https://github.com/kubernetes/kubernetes/pull/45523,True,2017-11-28 09:59:39,2017-05-09 03:52:37,2017-05-22 18:04:22,2017-05-10 05:07:55,"-190 days, 8:04:43","13 days, 14:11:45"
jberkus,kubernetes-users,"hey, <https://github.com/kubernetes/kubernetes/pull/56824> has been pending approval for some time, and appears minor.  <@U0TDXD2PM> <@U2EUCSP8B> <@U0Y7A2MME> please update and approve it today or it will be dropped from 1.9.",https://github.com/kubernetes/kubernetes/pull/56824,True,2017-12-11 20:02:07,2017-12-05 00:13:27,2017-12-12 03:58:15,2017-12-12 03:58:15,7:56:08,"7 days, 3:44:48"
colemickens,kubernetes-users,<@U0YJS6LHL> any feelings about labeling this for the 1.9 milestone? <https://github.com/kubernetes/kubernetes/pull/55833>,https://github.com/kubernetes/kubernetes/pull/55833,True,2017-11-21 18:58:33,2017-11-16 02:02:29,2017-11-22 02:03:12,2017-11-22 01:04:59,7:04:39,"6 days, 0:00:43"
colemickens,kubernetes-users,"<@U0EPBBM2P> Can you move this back to 1.9. It's approved again, I was mistaken: <https://github.com/kubernetes/kubernetes/pull/56918>",https://github.com/kubernetes/kubernetes/pull/56918,True,2017-12-12 01:48:51,2017-12-07 05:11:19,2017-12-12 04:57:22,2017-12-12 03:58:17,3:08:31,"4 days, 23:46:03"
dims,kubernetes-users,<@U09R2LQ8Y> <@U09R02HAR> <@U0AH4GABW> - Need your help/review for digging into the kubeadm CI failure - i dug into one problem - here’s the PR for that <https://github.com/kubernetes/kubernetes/pull/53749>,https://github.com/kubernetes/kubernetes/pull/53749,True,2017-10-12 17:38:17,2017-10-11 20:57:40,2017-11-16 22:07:41,2017-10-12 23:40:29,"35 days, 4:29:24","36 days, 1:10:01"
jpbetz,kubernetes-users,We have a PR that needs to be scalability tested before merging (<https://github.com/kubernetes/kubernetes/pull/57480>) the previous attempt to bump the etcd version resulted in scalability failures on master and we'd like to avoid merging until we're able to ensure the grpc fix in the latest PR results in a clean scalability test run.  Anyone know how to set up the test run?,https://github.com/kubernetes/kubernetes/pull/57480,True,2017-12-20 22:55:18,2017-12-20 22:50:33,2018-05-15 05:25:19,2018-01-07 18:21:49,"145 days, 6:30:01","145 days, 6:34:46"
dims,kubernetes-users,<@U09SJ9AH0> <@U09R2LQ8Y> Can one of you please bless <https://github.com/kubernetes/kubernetes/pull/54030> and unblock the go 1.9 effort? I can’t seem to reach <@U0A69N5GQ> who is the ONLY approver/reviewer in plugin/pkg/admission/OWNERS,https://github.com/kubernetes/kubernetes/pull/54030,True,2017-10-18 01:43:38,2017-10-17 01:17:02,2017-11-16 22:05:58,2017-10-18 04:26:00,"29 days, 20:22:20","30 days, 20:48:56"
chaosaffe,kubernetes-users,<https://github.com/kubernetes/kubernetes/pull/18261>,https://github.com/kubernetes/kubernetes/pull/18261,True,2016-06-27 14:53:27,2015-12-06 22:32:22,2016-01-24 20:12:45,2016-01-24 20:12:45,"-155 days, 5:19:18","48 days, 21:40:23"
derekwaynecarr,kubernetes-users,<@U3Z60K88M> <@U09R2G9DL> -- any follow up questions re: <https://github.com/kubernetes/kubernetes/pull/50859> ?,https://github.com/kubernetes/kubernetes/pull/50859,True,2017-08-31 17:11:49,2017-08-17 18:55:51,2017-09-05 18:16:18,2017-09-05 18:16:17,"5 days, 1:04:29","18 days, 23:20:27"
jell,kubernetes-users,btw. <https://github.com/kubernetes/kubernetes/pull/56115> connected issue,https://github.com/kubernetes/kubernetes/pull/56115,True,2017-12-18 12:00:24,2017-11-21 01:37:12,2017-11-22 10:35:19,2017-11-22 10:35:19,"-27 days, 22:34:55","1 day, 8:58:07"
liggitt,kubernetes-users,"if it is pre-1.7.x, <https://github.com/kubernetes/kubernetes/pull/44076> would be relevant",https://github.com/kubernetes/kubernetes/pull/44076,True,2018-01-03 17:50:12,2017-04-05 04:35:23,2017-04-25 02:07:35,2017-04-21 16:22:35,"-254 days, 8:17:23","19 days, 21:32:12"
jorge,kubernetes-users,<https://github.com/kubernetes/kubernetes/pull/57251>,https://github.com/kubernetes/kubernetes/pull/57251,False,2017-12-15 16:06:27,2017-12-15 15:55:43,2017-12-15 17:09:05,,1:02:38,1:13:22
shyamjvs,kubernetes-users,And regarding the flakiness it was due to failing to create the master vm in us-east1-a sometimes... But that too has been fixed for now by adding retries (ref <https://github.com/kubernetes/kubernetes/pull/51533>),https://github.com/kubernetes/kubernetes/pull/51533,True,2017-09-01 09:49:15,2017-08-29 15:06:20,2017-08-30 12:14:50,2017-08-30 12:14:50,"-2 days, 2:25:35",21:08:30
dims,kubernetes-users,it was quickly reverted though in <https://github.com/kubernetes/kubernetes/pull/57454>,https://github.com/kubernetes/kubernetes/pull/57454,True,2017-12-20 13:56:19,2017-12-20 13:05:58,2018-05-16 21:52:02,2017-12-20 13:08:35,"147 days, 7:55:43","147 days, 8:46:04"
aveshagarwal,kubernetes-users,"there is PR <https://github.com/kubernetes/kubernetes/pull/49131> would appreciate if someone has any feedback, as it lgtm",https://github.com/kubernetes/kubernetes/pull/49131,False,2017-07-20 15:54:31,2017-07-18 17:34:05,2017-08-03 20:10:43,,"14 days, 4:16:12","16 days, 2:36:38"
luxas,kubernetes-users,ref: <https://github.com/kubernetes/kubernetes/pull/55546>,https://github.com/kubernetes/kubernetes/pull/55546,True,2017-11-14 20:31:32,2017-11-12 08:31:58,2017-11-16 08:09:12,2017-11-16 06:16:10,"1 day, 11:37:40","3 days, 23:37:14"
porridge,kubernetes-users,can someone please add the queue/fix label to <https://github.com/kubernetes/kubernetes/pull/57407>?,https://github.com/kubernetes/kubernetes/pull/57407,True,2017-12-19 16:08:48,2017-12-19 14:25:40,2017-12-19 21:00:25,2017-12-19 18:36:32,4:51:37,6:34:45
mspreitz,kubernetes-users,"BTW, is there a particular reason for writing `nil...` rather than nothing, in that change I asked about in <#C09QZ4DQB|sig-testing> (<https://github.com/kubernetes/kubernetes/pull/45472>)?",https://github.com/kubernetes/kubernetes/pull/45472,True,2017-10-26 01:12:07,2017-05-08 07:11:44,2017-05-09 00:02:31,2017-05-08 22:46:41,"-171 days, 22:50:24",16:50:47
bryk,kubernetes-users,<@U4GKJBB40> I made what I can on the PR <https://github.com/kubernetes/kubernetes/pull/53046>,https://github.com/kubernetes/kubernetes/pull/53046,True,2017-11-27 12:57:44,2017-09-26 10:00:07,2017-12-07 01:01:11,2017-12-01 14:40:47,"9 days, 12:03:27","71 days, 15:01:04"
maciaszczykm,kubernetes-users,<@U0B27RXEH> <https://github.com/kubernetes/kubernetes/pull/53046>,https://github.com/kubernetes/kubernetes/pull/53046,True,2017-11-27 11:47:09,2017-09-26 10:00:07,2017-12-07 01:01:11,2017-12-01 14:40:47,"9 days, 13:14:02","71 days, 15:01:04"
jiangtianli,kubernetes-users,<@U26771G31> <https://github.com/kubernetes/kubernetes/pull/55496> Fixed kubelet crash issue.,https://github.com/kubernetes/kubernetes/pull/55496,True,2017-11-10 18:03:23,2017-11-10 18:02:36,2017-12-02 01:51:28,2017-11-18 18:46:38,"21 days, 7:48:05","21 days, 7:48:52"
runcom,kubernetes-users,"<@U0DMDFHM3> hey, could you take a look at <https://github.com/kubernetes/kubernetes/pull/57037>",https://github.com/kubernetes/kubernetes/pull/57037,True,2017-12-13 23:17:00,2017-12-11 13:49:43,2018-01-05 23:51:58,2018-01-05 23:51:58,"23 days, 0:34:58","25 days, 10:02:15"
rjmorse,kubernetes-users,"bubbling this up, this PR needs a review by those capable to do so: <https://github.com/kubernetes/kubernetes/pull/55496>",https://github.com/kubernetes/kubernetes/pull/55496,True,2017-11-15 02:15:35,2017-11-10 18:02:36,2017-12-02 01:51:28,2017-11-18 18:46:38,"16 days, 23:35:53","21 days, 7:48:52"
liggitt,kubernetes-users,"well, can't hurt... opened <https://github.com/kubernetes/kubernetes/pull/57805>",https://github.com/kubernetes/kubernetes/pull/57805,True,2018-01-03 21:43:41,2018-01-03 21:42:16,2018-01-12 01:17:18,2018-01-03 23:40:43,"8 days, 3:33:37","8 days, 3:35:02"
mhausenblas,kubernetes-users,<@U1U5JF3TM> right … maybe <https://github.com/kubernetes/kubernetes/pull/32408> contains some useful bits?,https://github.com/kubernetes/kubernetes/pull/32408,False,2017-12-27 15:58:33,2016-09-09 20:00:04,2017-04-13 14:37:30,,"-259 days, 22:38:57","215 days, 18:37:26"
resouer,kubernetes-users,Anyone take a look at <https://github.com/kubernetes/kubernetes/pull/49093>,https://github.com/kubernetes/kubernetes/pull/49093,False,2017-07-31 05:50:36,2017-07-18 08:18:06,2017-08-02 13:55:29,,"2 days, 8:04:53","15 days, 5:37:23"
rjmorse,kubernetes-users,I believe the CNI fix referenced is <https://github.com/kubernetes/kubernetes/pull/51063> and binary from here <https://github.com/Microsoft/SDN/tree/master/Kubernetes/windows/cni>,https://github.com/kubernetes/kubernetes/pull/51063,True,2017-11-14 17:43:21,2017-08-22 00:28:05,2017-11-03 22:45:12,2017-11-03 22:45:11,"-11 days, 5:01:51","73 days, 22:17:07"
jberkus,kubernetes-users,"<@U0ECA514Y> <@U2A66TRQQ> <@U0AD37EP6> hey, we need to get <https://github.com/kubernetes/kubernetes/pull/56967> approved and in the merge pipeline today.  It appears to be fixing a serious issue, and we need to close off 1.9.0 tonight,.",https://github.com/kubernetes/kubernetes/pull/56967,True,2017-12-11 21:14:26,2017-12-08 15:08:57,2017-12-13 15:25:12,2017-12-12 03:58:20,"1 day, 18:10:46","5 days, 0:16:15"
mkumatag,kubernetes-users,PR - <https://github.com/kubernetes/kubernetes/pull/53598>,https://github.com/kubernetes/kubernetes/pull/53598,False,2017-10-09 17:00:29,2017-10-09 16:56:32,2017-10-20 18:38:54,,"11 days, 1:38:25","11 days, 1:42:22"
jchaloup,kubernetes-users,"Hi guys, I have just extended the node e2e testsuite to run the tests over containerized Kubelet. Is there anyone who could review <https://github.com/kubernetes/kubernetes/pull/56250> and merge it? <@U09R2LQ8Y> got a minute to take a look?",https://github.com/kubernetes/kubernetes/pull/56250,True,2017-12-01 14:53:40,2017-11-22 21:01:22,2017-12-19 10:52:50,2017-12-16 15:46:38,"17 days, 19:59:10","26 days, 13:51:28"
jberkus,kubernetes-users,<https://github.com/kubernetes/kubernetes/pull/56679>,https://github.com/kubernetes/kubernetes/pull/56679,True,2017-12-11 21:26:28,2017-12-01 07:52:15,2018-05-08 07:18:10,2017-12-12 00:25:47,"147 days, 9:51:42","157 days, 23:25:55"
anfernee,kubernetes-users,any reviewer interested in this: <https://github.com/kubernetes/kubernetes/pull/53759> ?,https://github.com/kubernetes/kubernetes/pull/53759,True,2017-10-12 18:02:22,2017-10-12 01:40:24,2017-10-19 23:50:58,2017-10-19 23:50:58,"7 days, 5:48:36","7 days, 22:10:34"
gharm,kubernetes-users,"FTR, my problem is fixed by pending PR <https://github.com/kubernetes/kubernetes/pull/57243>",https://github.com/kubernetes/kubernetes/pull/57243,True,2017-12-15 22:23:55,2017-12-15 12:23:17,2018-04-15 15:57:27,2017-12-19 13:22:31,"120 days, 17:33:32","121 days, 3:34:10"
marun,kubernetes-users,"@derekwaynecarr, <@U09R2LQ8Y>: One of the last federation PRs targeted for merge before moving out of tree proposes to update vendored <http://github.com/docker|github.com/docker> to 0.3.0: <https://github.com/kubernetes/kubernetes/pull/51026>",https://github.com/kubernetes/kubernetes/pull/51026,False,2017-10-23 17:24:25,2017-08-21 13:17:42,2018-02-02 14:44:21,,"101 days, 21:19:56","165 days, 1:26:39"
anupn,kubernetes-users,"Hi All, I see this PR <https://github.com/kubernetes/kubernetes/pull/47181> to make k8s run with swap enabled, but when I am running ""kubeadm init"" I am seeing the same issue",https://github.com/kubernetes/kubernetes/pull/47181,True,2017-12-11 23:27:40,2017-06-08 14:12:46,2018-02-19 06:54:03,2017-08-04 21:29:36,"69 days, 7:26:23","255 days, 16:41:17"
dims,kubernetes-users,<@U3VHC9JES> i am guessing <https://github.com/kubernetes/kubernetes/pull/53647> i’ve triggered a “/retest”,https://github.com/kubernetes/kubernetes/pull/53647,True,2017-12-03 14:36:57,2017-10-10 10:25:14,2017-12-06 08:49:50,2017-12-03 15:13:09,"2 days, 18:12:53","56 days, 22:24:36"
ravig,kubernetes-users,"<@U09R2P666> I have addressed the comments suggested by you for  <https://github.com/kubernetes/kubernetes/pull/46514>, can you please have a look at it?",https://github.com/kubernetes/kubernetes/pull/46514,True,2017-07-21 14:01:03,2017-05-26 15:31:39,2017-07-23 03:26:22,2017-07-22 05:23:24,"1 day, 13:25:19","57 days, 11:54:43"
jberkus,kubernetes-users,can someone explain to me what's in <https://github.com/kubernetes/kubernetes/pull/56970>?  <@U0BAHSEPQ>?,https://github.com/kubernetes/kubernetes/pull/56970,False,2017-12-11 19:56:34,2017-12-08 17:00:21,2018-01-05 08:49:47,,"24 days, 12:53:13","27 days, 15:49:26"
vincemd,kubernetes-users,"I'm trying to get some help to get the Cassandra example progress (especially on AWS but will apply to other Cloud providers)
<https://github.com/kubernetes/kubernetes/pull/30577> See my last comment with link to tickets if you are interested.
I have time to spend on it to make it work across 3 zones (racks) in a single DC (region)",https://github.com/kubernetes/kubernetes/pull/30577,True,2017-11-28 07:50:57,2016-08-13 22:34:09,2017-11-28 07:48:01,2016-09-17 04:56:18,"-1 day, 23:57:04","471 days, 9:13:52"
feisky,kubernetes-users,<@U0UKM380M> <@U0BMY7D2Q> <https://github.com/kubernetes/kubernetes/pull/56918> is actually ready and approved by brendan,https://github.com/kubernetes/kubernetes/pull/56918,True,2017-12-12 01:40:12,2017-12-07 05:11:19,2017-12-12 04:57:22,2017-12-12 03:58:17,3:17:10,"4 days, 23:46:03"
qiming,kubernetes-users,"<@U0G1H7NPN> Can you share some love to PR #54066 (<https://github.com/kubernetes/kubernetes/pull/54066>)? It is a rebase, previously approved already.",https://github.com/kubernetes/kubernetes/pull/54066,True,2017-11-02 06:45:10,2017-10-17 13:43:08,2017-11-02 08:22:33,2017-11-02 07:57:29,1:37:23,"15 days, 18:39:25"
marun,kubernetes-users,quick question about <https://github.com/kubernetes/kubernetes/pull/54336>,https://github.com/kubernetes/kubernetes/pull/54336,True,2017-10-23 17:11:27,2017-10-21 04:02:51,2017-10-25 22:41:01,2017-10-25 22:16:05,"2 days, 5:29:34","4 days, 18:38:10"
qiming,kubernetes-users,"<@U0BK9L2AV> at your convenient time, please take a look at this again, it has been there for a week. Thanks. <https://github.com/kubernetes/kubernetes/pull/55138>",https://github.com/kubernetes/kubernetes/pull/55138,False,2017-11-16 13:47:44,2017-11-06 03:34:57,2018-09-08 10:27:46,,"295 days, 20:40:02","306 days, 6:52:49"
nikhita,kubernetes-users,"unfortunately, that's due to a typo. <https://github.com/kubernetes/kubernetes/pull/53426> fixes it. This fix should be available on the 1.7 branch when  <http://k8s.io/apiextensions-apiserver|k8s.io/apiextensions-apiserver> is synced with k/k.",https://github.com/kubernetes/kubernetes/pull/53426,True,2017-10-26 16:02:03,2017-10-04 06:59:49,2017-10-05 18:39:11,2017-10-05 15:41:03,"-21 days, 2:37:08","1 day, 11:39:22"
micahhausler,kubernetes-users,"<@U2HR3B24A> To answer your question about health-check annotations, that was 1.9 <https://github.com/kubernetes/kubernetes/pull/56024>",https://github.com/kubernetes/kubernetes/pull/56024,True,2017-12-18 19:17:05,2017-11-19 22:36:44,2017-11-22 16:48:44,2017-11-22 16:48:44,"-27 days, 21:31:39","2 days, 18:12:00"
ash2k,kubernetes-users,Could someone take a look at this trivial PR please? Want to unblock another PR that is failing because of a bug in the test <https://github.com/kubernetes/kubernetes/pull/49352>,https://github.com/kubernetes/kubernetes/pull/49352,True,2017-07-21 05:06:59,2017-07-21 03:19:14,2017-08-02 08:59:48,2017-07-22 09:05:15,"12 days, 3:52:49","12 days, 5:40:34"
colemickens,kubernetes-users,<https://github.com/kubernetes/kubernetes/pull/54177>,https://github.com/kubernetes/kubernetes/pull/54177,True,2017-11-09 00:29:32,2017-10-18 22:56:14,2017-11-09 19:21:29,2017-11-09 02:27:09,18:51:57,"21 days, 20:25:15"
luxas,kubernetes-users,"<@U0B93RF4N> or whoa, now came across this: <https://github.com/kubernetes/kubernetes/pull/53205>",https://github.com/kubernetes/kubernetes/pull/53205,True,2017-10-12 16:33:56,2017-09-28 14:11:27,2017-10-13 17:49:06,2017-10-11 10:54:33,"1 day, 1:15:10","15 days, 3:37:39"
foxish,kubernetes-users,"ugh, that's my revert PR^ (<https://github.com/kubernetes/kubernetes/pull/56789>)",https://github.com/kubernetes/kubernetes/pull/56789,True,2017-12-04 12:28:01,2017-12-04 12:26:58,2017-12-04 17:57:05,2017-12-04 14:36:42,5:29:04,5:30:07
guslees,kubernetes-users,"(The PR is <https://github.com/kubernetes/kubernetes/pull/54420>, but I'm hoping for a generally applicable answer and not something specific to that PR)",https://github.com/kubernetes/kubernetes/pull/54420,True,2017-10-25 05:36:34,2017-10-23 16:18:55,2017-10-25 23:23:13,2017-10-25 23:23:13,17:46:39,"2 days, 7:04:18"
frobware,kubernetes-users,<@U4723UJL8> as you alluded to reverting <https://github.com/kubernetes/kubernetes/pull/53743> is something to consider,https://github.com/kubernetes/kubernetes/pull/53743,True,2017-11-13 15:32:19,2017-10-11 19:01:44,2017-10-24 18:36:22,2017-10-23 20:39:08,"-20 days, 3:04:03","12 days, 23:34:38"
kfox1111,kubernetes-users,ok. I posted the kubectl pr here: <https://github.com/kubernetes/kubernetes/pull/54421>,https://github.com/kubernetes/kubernetes/pull/54421,False,2017-10-23 16:45:38,2017-10-23 16:44:34,2018-04-25 10:07:53,,"183 days, 17:22:15","183 days, 17:23:19"
dineshgovindasamy,kubernetes-users,<https://github.com/kubernetes/kubernetes/pull/51063>,https://github.com/kubernetes/kubernetes/pull/51063,True,2017-09-20 16:38:11,2017-08-22 00:28:05,2017-11-03 22:45:12,2017-11-03 22:45:11,"44 days, 6:07:01","73 days, 22:17:07"
rjmorse,kubernetes-users,"<@U79S69E11> You should take a look at this PR for windows stats, which is merged for 1.9: <https://github.com/kubernetes/kubernetes/pull/50396>
It also has discussion around CRI in the related issue: <https://github.com/kubernetes/kubernetes/issues/49398>",https://github.com/kubernetes/kubernetes/pull/50396,True,2017-09-28 23:10:41,2017-08-09 21:07:17,2017-11-10 01:06:55,2017-09-23 20:40:56,"42 days, 1:56:14","92 days, 3:59:38"
dineshgovindasamy,kubernetes-users,<https://github.com/kubernetes/kubernetes/pull/51064>,https://github.com/kubernetes/kubernetes/pull/51064,True,2017-09-20 16:38:16,2017-08-22 00:31:26,2017-09-20 21:59:12,2017-09-20 21:32:55,5:20:56,"29 days, 21:27:46"
jberkus,kubernetes-users,"hey, I urgently need to talk to someone about <https://github.com/kubernetes/kubernetes/issues/56261> and <https://github.com/kubernetes/kubernetes/pull/56622>",https://github.com/kubernetes/kubernetes/pull/56622,True,2017-12-12 17:36:05,2017-11-30 08:49:49,2018-01-13 09:34:34,2017-12-12 19:22:12,"31 days, 15:58:29","44 days, 0:44:45"
fish,kubernetes-users,"okay, looks like <https://github.com/kubernetes/kubernetes/pull/49840> it needed for kubeadm on coreos",https://github.com/kubernetes/kubernetes/pull/49840,True,2017-11-29 19:04:46,2017-07-29 21:01:37,2018-05-11 07:31:25,2017-11-01 15:20:22,"162 days, 12:26:39","285 days, 10:29:48"
marun,kubernetes-users,and <https://github.com/kubernetes/kubernetes/pull/47796>,https://github.com/kubernetes/kubernetes/pull/47796,True,2017-06-20 22:11:51,2017-06-20 15:55:29,2017-06-26 18:12:23,2017-06-26 13:48:58,"5 days, 20:00:32","6 days, 2:16:54"
chen-li,kubernetes-users,"hello,  I'm a new contributor to k8s, so I searched the open issues list and created my first PR: <https://github.com/kubernetes/kubernetes/pull/52765>, anyone can help me review it ?",https://github.com/kubernetes/kubernetes/pull/52765,True,2017-10-09 01:25:46,2017-09-20 05:32:58,2017-10-12 01:27:33,2017-10-11 14:42:46,"3 days, 0:01:47","21 days, 19:54:35"
jberkus,kubernetes-users,to : <https://github.com/kubernetes/kubernetes/pull/56959>,https://github.com/kubernetes/kubernetes/pull/56959,True,2017-12-11 21:31:06,2017-12-08 10:08:47,2017-12-12 03:58:24,2017-12-12 03:58:23,6:27:18,"3 days, 17:49:37"
jberkus,kubernetes-users,<https://github.com/kubernetes/kubernetes/pull/56918>,https://github.com/kubernetes/kubernetes/pull/56918,True,2017-12-11 21:26:22,2017-12-07 05:11:19,2017-12-12 04:57:22,2017-12-12 03:58:17,7:31:00,"4 days, 23:46:03"
dbhanushali,kubernetes-users,<@U0E40F05R> <@U5TFNBM42> <https://github.com/kubernetes/kubernetes/pull/44344>,https://github.com/kubernetes/kubernetes/pull/44344,True,2017-07-13 20:23:11,2017-04-11 16:31:23,2017-07-14 10:03:07,2017-04-15 06:03:57,13:39:56,"93 days, 17:31:44"
maciekpytel,kubernetes-users,"<@U6DN3CFF1> interestingly it looks like the tests in <https://github.com/kubernetes/kubernetes/issues/54574> magically started passing in the last 3 days..
the diff between last failing and first passing run yields a single PR that looks potentially relevant: <https://github.com/kubernetes/kubernetes/pull/55413>",https://github.com/kubernetes/kubernetes/pull/55413,True,2017-11-13 16:25:52,2017-11-09 15:59:48,2017-11-10 17:47:41,2017-11-10 15:00:44,"-3 days, 1:21:49","1 day, 1:47:53"
dims,kubernetes-users,<@U0AH4GABW> <@U15P41DRC> <https://github.com/kubernetes/kubernetes/issues/56522> seems to be a blocker for 1.9 but <https://github.com/kubernetes/kubernetes/pull/56529> for it needs milestone/approvals etc can you please take a look?,https://github.com/kubernetes/kubernetes/pull/56529,True,2017-12-12 17:41:06,2017-11-29 02:10:00,2017-12-13 05:40:34,2017-12-12 22:04:11,11:59:28,"14 days, 3:30:34"
mkumatag,kubernetes-users,submitted the PR - <https://github.com/kubernetes/kubernetes/pull/44910> for multi architecture k8s test docker images. PTAL..,https://github.com/kubernetes/kubernetes/pull/44910,True,2017-04-25 08:19:24,2017-04-25 08:17:29,2017-07-14 07:20:58,2017-06-30 21:34:30,"79 days, 23:01:34","79 days, 23:03:29"
shyamjvs,kubernetes-users,@bot This message doesn't seem right - I just created the revert PR <https://github.com/kubernetes/kubernetes/pull/54166>,https://github.com/kubernetes/kubernetes/pull/54166,True,2017-10-18 20:05:50,2017-10-18 20:03:57,2017-11-06 16:53:35,2017-10-18 23:42:50,"18 days, 20:47:45","18 days, 20:49:38"
